{"cameraMode":{"drawMode":0,"name":"Shaded","section":"Shading Mode"},"sceneLighting":false,"audioPlay":false,"sceneViewState":{"m_AlwaysRefresh":false,"showFog":true,"showSkybox":false,"showFlares":true,"showImageEffects":true,"showParticleSystems":true,"showVisualEffectGraphs":true,"m_FxEnabled":true},"in2DMode":false,"pivot":{"x":0.17185083031654359,"y":-1.5210330486297608,"z":3.9411046504974367},"rotation":{"x":0.21512672305107118,"y":-0.004394620191305876,"z":0.0009680783841758966,"w":0.976576030254364},"size":1.8186531066894532,"orthographic":false}